Target Author,Target Author Name,Citing Paper,Citing Paper Title,Citing Paper Authors,Number of Authors,Citation Count
22954842600,Vasilakos A.,2-s2.0-84949979020,Cluster based emergency message broadcasting technique for vehicular ad hoc network,"Ramakrishnan B,Bhagavath Nishanth R,Milton Joe M,Selvi M",140,35
22954842600,Vasilakos A.,2-s2.0-84945152433,Oblivious routing in wireless mesh networks,"Chen W,Lea C.-T",28,14
22954842600,Vasilakos A.,2-s2.0-84957587513,Modeling and simulation of networked low-power embedded systems: a taxonomy,"Du W,Mieyeville F,Navarro D,O'Connor I,Carrel L",55,11
22954842600,Vasilakos A.,2-s2.0-84931864420,Towards an EEG-based brain-computer interface for online robot control,"Li Y,Zhou G,Graham D,Holtzhauer A",32,8
22954842600,Vasilakos A.,2-s2.0-84946944829,Shielding video streaming against packet losses over VANETs,"Immich R,Cerqueira E,Curado M",21,7
22954842600,Vasilakos A.,2-s2.0-84954317674,A backoff algorithm based on self-adaptive contention window update factor for IEEE 802.11 DCF,"Zhang C,Chen P,Ren J,Wang X,Vasilakos A.V",20,4
22954842600,Vasilakos A.,2-s2.0-84989848661,A QoS evolutionary method of cloud service based on user utility model,"Wang Y,Zhou J,Liu J,Au T,Song X",10,2
22954842600,Vasilakos A.,2-s2.0-84988851438,A key agreement method for wireless body area networks,"Li Z,Wang H",4,2
22954842600,Vasilakos A.,2-s2.0-84976340214,Towards an architecture for a scalable and collaborative AmI environment,"Roda C,Rodriguez A,Navarro E,Lopez-Jaquero V,Gonzalez P",5,1
22954842600,Vasilakos A.,2-s2.0-84984562944,Adaptive and context-aware detection and classification of potential QoS degradation events in biomedical wireless sensor networks,"Abreu C,Miranda F,Mendes P.M",3,1
22954842600,Vasilakos A.,2-s2.0-84997228967,Predicting proximity with ambient mobile sensors for non-invasive health diagnostics,"Orimaye S.O,Leong F.C,Lee C.H,Ng E.C.H",4,1
22954842600,Vasilakos A.,2-s2.0-84998631591,Fuzzy intelligent system for supporting preeclampsia diagnosis from the patient biosignals,"Espinilla M,Campana S,Londono J,Garcia-Fernandez A.-L",4,1
22954842600,Vasilakos A.,2-s2.0-85013218863,Dynamic Domain Model for Micro Context-Aware Adaptation of Applications,"Ponce V,Roy P,Abdulrazak B",3,1
22954842600,Vasilakos A.,2-s2.0-84963998035,Fall detection using body-worn accelerometer and depth maps acquired by active camera,"Kepski M,Kwolek B",2,1
22954842600,Vasilakos A.,2-s2.0-84962285995,Insight into the impact of energy caps on the costs of cellular networks with different layouts and technologies,"Boiardi S,Capone A,Girard A,Sanso B",4,1
22954842600,Vasilakos A.,2-s2.0-84877129943,Cloud resource allocation method and bidding strategy based on simultaneous upward bidding auction,"Wang X.-Y,Wang X.-W,Huang M",3,1
22954842600,Vasilakos A.,2-s2.0-84943534005,SIMD acceleration of SpMV Kernel on multi-core CPU architecture,"Saira Banu J,Rajasekhara Babu M",2,1
22954842600,Vasilakos A.,2-s2.0-84940462262,Cooperative game-theoretic power control with a balancing factor in large-scale LTE networks: an energy efficiency perspective,"Wang Z,Hu B,Wang X,Chen S",4,1
22954842600,Vasilakos A.,2-s2.0-84921068693,Assessing the influence of selfishness on the system performance of gossip based vehicular networks,"Xiao X.F,Li Y,Kui X,Vasilakos A.V",4,1
22954842600,Vasilakos A.,2-s2.0-84908584131,MHz-band near-field coupling communication technology,"Nagata K,Yanagawa T,Kusunoki T,Shimoda R,Shimasaki H,Kado Y",6,1
22954842600,Vasilakos A.,2-s2.0-84893695741,Polarization properties of a turnstile antenna in the vicinity of the human body,"Petrovic V.V,Krneta A.J",2,1
22954842600,Vasilakos A.,2-s2.0-84880080680,Integrated sleep scheduling in IEEE 802.16j multi-hop relay networks,"Yang C.-C,Mai Y.-T,Chen J.-Y,Yu C.-C",4,1
22954842600,Vasilakos A.,2-s2.0-85015237426,Cloud computing workflow framework with resource scheduling mechanism,"Wang Y,Wang J,Han Y",3,1
